{"ContentRoots":["/__w/certmaster/certmaster/source/CertMaster.Web/wwwroot/","/github/home/.nuget/packages/ntoastnotify/8.0.0/staticwebassets/"],"Root":{"Children":{"noty.js":{"Children":null,"Asset":{"ContentRootIndex":0,"SubPath":"noty.js"},"Patterns":null},"toastr.js":{"Children":null,"Asset":{"ContentRootIndex":0,"SubPath":"toastr.js"},"Patterns":null},"assets":{"Children":{"css":{"Children":{"docs.min.css":{"Children":null,"Asset":{"ContentRootIndex":0,"SubPath":"assets/css/docs.min.css"},"Patterns":null},"site.css":{"Children":null,"Asset":{"ContentRootIndex":0,"SubPath":"assets/css/site.css"},"Patterns":null},"style.css":{"Children":null,"Asset":{"ContentRootIndex":0,"SubPath":"assets/css/style.css"},"Patterns":null},"theme.min.css":{"Children":null,"Asset":{"ContentRootIndex":0,"SubPath":"assets/css/theme.min.css"},"Patterns":null}},"Asset":null,"Patterns":null}},"Asset":null,"Patterns":null},"favicon.ico":{"Children":null,"Asset":{"ContentRootIndex":0,"SubPath":"favicon.ico"},"Patterns":null},"images":{"Children":{"favicon.ico":{"Children":null,"Asset":{"ContentRootIndex":0,"SubPath":"images/favicon.ico"},"Patterns":null},"think.svg":{"Children":null,"Asset":{"ContentRootIndex":0,"SubPath":"images/think.svg"},"Patterns":null}},"Asset":null,"Patterns":null},"js":{"Children":{"ajax-file-download.js":{"Children":null,"Asset":{"ContentRootIndex":0,"SubPath":"js/ajax-file-download.js"},"Patterns":null},"app.min.js":{"Children":null,"Asset":{"ContentRootIndex":0,"SubPath":"js/app.min.js"},"Patterns":null},"site.js":{"Children":null,"Asset":{"ContentRootIndex":0,"SubPath":"js/site.js"},"Patterns":null}},"Asset":null,"Patterns":null},"lib":{"Children":{"@openfonts":{"Children":{"open-sans_all":{"Children":{"files-last-modified.json":{"Children":null,"Asset":{"ContentRootIndex":0,"SubPath":"lib/@openfonts/open-sans_all/files-last-modified.json"},"Patterns":null},"files":{"Children":{"open-sans-all-300-italic.woff":{"Children":null,"Asset":{"ContentRootIndex":0,"SubPath":"lib/@openfonts/open-sans_all/files/open-sans-all-300-italic.woff"},"Patterns":null},"open-sans-all-300-italic.woff2":{"Children":null,"Asset":{"ContentRootIndex":0,"SubPath":"lib/@openfonts/open-sans_all/files/open-sans-all-300-italic.woff2"},"Patterns":null},"open-sans-all-300.woff":{"Children":null,"Asset":{"ContentRootIndex":0,"SubPath":"lib/@openfonts/open-sans_all/files/open-sans-all-300.woff"},"Patterns":null},"open-sans-all-300.woff2":{"Children":null,"Asset":{"ContentRootIndex":0,"SubPath":"lib/@openfonts/open-sans_all/files/open-sans-all-300.woff2"},"Patterns":null},"open-sans-all-400-italic.woff":{"Children":null,"Asset":{"ContentRootIndex":0,"SubPath":"lib/@openfonts/open-sans_all/files/open-sans-all-400-italic.woff"},"Patterns":null},"open-sans-all-400-italic.woff2":{"Children":null,"Asset":{"ContentRootIndex":0,"SubPath":"lib/@openfonts/open-sans_all/files/open-sans-all-400-italic.woff2"},"Patterns":null},"open-sans-all-400.woff":{"Children":null,"Asset":{"ContentRootIndex":0,"SubPath":"lib/@openfonts/open-sans_all/files/open-sans-all-400.woff"},"Patterns":null},"open-sans-all-400.woff2":{"Children":null,"Asset":{"ContentRootIndex":0,"SubPath":"lib/@openfonts/open-sans_all/files/open-sans-all-400.woff2"},"Patterns":null},"open-sans-all-600-italic.woff":{"Children":null,"Asset":{"ContentRootIndex":0,"SubPath":"lib/@openfonts/open-sans_all/files/open-sans-all-600-italic.woff"},"Patterns":null},"open-sans-all-600-italic.woff2":{"Children":null,"Asset":{"ContentRootIndex":0,"SubPath":"lib/@openfonts/open-sans_all/files/open-sans-all-600-italic.woff2"},"Patterns":null},"open-sans-all-600.woff":{"Children":null,"Asset":{"ContentRootIndex":0,"SubPath":"lib/@openfonts/open-sans_all/files/open-sans-all-600.woff"},"Patterns":null},"open-sans-all-600.woff2":{"Children":null,"Asset":{"ContentRootIndex":0,"SubPath":"lib/@openfonts/open-sans_all/files/open-sans-all-600.woff2"},"Patterns":null},"open-sans-all-700-italic.woff":{"Children":null,"Asset":{"ContentRootIndex":0,"SubPath":"lib/@openfonts/open-sans_all/files/open-sans-all-700-italic.woff"},"Patterns":null},"open-sans-all-700-italic.woff2":{"Children":null,"Asset":{"ContentRootIndex":0,"SubPath":"lib/@openfonts/open-sans_all/files/open-sans-all-700-italic.woff2"},"Patterns":null},"open-sans-all-700.woff":{"Children":null,"Asset":{"ContentRootIndex":0,"SubPath":"lib/@openfonts/open-sans_all/files/open-sans-all-700.woff"},"Patterns":null},"open-sans-all-700.woff2":{"Children":null,"Asset":{"ContentRootIndex":0,"SubPath":"lib/@openfonts/open-sans_all/files/open-sans-all-700.woff2"},"Patterns":null},"open-sans-all-800-italic.woff":{"Children":null,"Asset":{"ContentRootIndex":0,"SubPath":"lib/@openfonts/open-sans_all/files/open-sans-all-800-italic.woff"},"Patterns":null},"open-sans-all-800-italic.woff2":{"Children":null,"Asset":{"ContentRootIndex":0,"SubPath":"lib/@openfonts/open-sans_all/files/open-sans-all-800-italic.woff2"},"Patterns":null},"open-sans-all-800.woff":{"Children":null,"Asset":{"ContentRootIndex":0,"SubPath":"lib/@openfonts/open-sans_all/files/open-sans-all-800.woff"},"Patterns":null},"open-sans-all-800.woff2":{"Children":null,"Asset":{"ContentRootIndex":0,"SubPath":"lib/@openfonts/open-sans_all/files/open-sans-all-800.woff2"},"Patterns":null}},"Asset":null,"Patterns":null},"font-descriptor.json":{"Children":null,"Asset":{"ContentRootIndex":0,"SubPath":"lib/@openfonts/open-sans_all/font-descriptor.json"},"Patterns":null},"index.css":{"Children":null,"Asset":{"ContentRootIndex":0,"SubPath":"lib/@openfonts/open-sans_all/index.css"},"Patterns":null},"package.json":{"Children":null,"Asset":{"ContentRootIndex":0,"SubPath":"lib/@openfonts/open-sans_all/package.json"},"Patterns":null},"README.md":{"Children":null,"Asset":{"ContentRootIndex":0,"SubPath":"lib/@openfonts/open-sans_all/README.md"},"Patterns":null}},"Asset":null,"Patterns":null},"roboto-mono_all":{"Children":{"files-last-modified.json":{"Children":null,"Asset":{"ContentRootIndex":0,"SubPath":"lib/@openfonts/roboto-mono_all/files-last-modified.json"},"Patterns":null},"files":{"Children":{"roboto-mono-all-100-italic.woff":{"Children":null,"Asset":{"ContentRootIndex":0,"SubPath":"lib/@openfonts/roboto-mono_all/files/roboto-mono-all-100-italic.woff"},"Patterns":null},"roboto-mono-all-100-italic.woff2":{"Children":null,"Asset":{"ContentRootIndex":0,"SubPath":"lib/@openfonts/roboto-mono_all/files/roboto-mono-all-100-italic.woff2"},"Patterns":null},"roboto-mono-all-100.woff":{"Children":null,"Asset":{"ContentRootIndex":0,"SubPath":"lib/@openfonts/roboto-mono_all/files/roboto-mono-all-100.woff"},"Patterns":null},"roboto-mono-all-100.woff2":{"Children":null,"Asset":{"ContentRootIndex":0,"SubPath":"lib/@openfonts/roboto-mono_all/files/roboto-mono-all-100.woff2"},"Patterns":null},"roboto-mono-all-300-italic.woff":{"Children":null,"Asset":{"ContentRootIndex":0,"SubPath":"lib/@openfonts/roboto-mono_all/files/roboto-mono-all-300-italic.woff"},"Patterns":null},"roboto-mono-all-300-italic.woff2":{"Children":null,"Asset":{"ContentRootIndex":0,"SubPath":"lib/@openfonts/roboto-mono_all/files/roboto-mono-all-300-italic.woff2"},"Patterns":null},"roboto-mono-all-300.woff":{"Children":null,"Asset":{"ContentRootIndex":0,"SubPath":"lib/@openfonts/roboto-mono_all/files/roboto-mono-all-300.woff"},"Patterns":null},"roboto-mono-all-300.woff2":{"Children":null,"Asset":{"ContentRootIndex":0,"SubPath":"lib/@openfonts/roboto-mono_all/files/roboto-mono-all-300.woff2"},"Patterns":null},"roboto-mono-all-400-italic.woff":{"Children":null,"Asset":{"ContentRootIndex":0,"SubPath":"lib/@openfonts/roboto-mono_all/files/roboto-mono-all-400-italic.woff"},"Patterns":null},"roboto-mono-all-400-italic.woff2":{"Children":null,"Asset":{"ContentRootIndex":0,"SubPath":"lib/@openfonts/roboto-mono_all/files/roboto-mono-all-400-italic.woff2"},"Patterns":null},"roboto-mono-all-400.woff":{"Children":null,"Asset":{"ContentRootIndex":0,"SubPath":"lib/@openfonts/roboto-mono_all/files/roboto-mono-all-400.woff"},"Patterns":null},"roboto-mono-all-400.woff2":{"Children":null,"Asset":{"ContentRootIndex":0,"SubPath":"lib/@openfonts/roboto-mono_all/files/roboto-mono-all-400.woff2"},"Patterns":null},"roboto-mono-all-500-italic.woff":{"Children":null,"Asset":{"ContentRootIndex":0,"SubPath":"lib/@openfonts/roboto-mono_all/files/roboto-mono-all-500-italic.woff"},"Patterns":null},"roboto-mono-all-500-italic.woff2":{"Children":null,"Asset":{"ContentRootIndex":0,"SubPath":"lib/@openfonts/roboto-mono_all/files/roboto-mono-all-500-italic.woff2"},"Patterns":null},"roboto-mono-all-500.woff":{"Children":null,"Asset":{"ContentRootIndex":0,"SubPath":"lib/@openfonts/roboto-mono_all/files/roboto-mono-all-500.woff"},"Patterns":null},"roboto-mono-all-500.woff2":{"Children":null,"Asset":{"ContentRootIndex":0,"SubPath":"lib/@openfonts/roboto-mono_all/files/roboto-mono-all-500.woff2"},"Patterns":null},"roboto-mono-all-700-italic.woff":{"Children":null,"Asset":{"ContentRootIndex":0,"SubPath":"lib/@openfonts/roboto-mono_all/files/roboto-mono-all-700-italic.woff"},"Patterns":null},"roboto-mono-all-700-italic.woff2":{"Children":null,"Asset":{"ContentRootIndex":0,"SubPath":"lib/@openfonts/roboto-mono_all/files/roboto-mono-all-700-italic.woff2"},"Patterns":null},"roboto-mono-all-700.woff":{"Children":null,"Asset":{"ContentRootIndex":0,"SubPath":"lib/@openfonts/roboto-mono_all/files/roboto-mono-all-700.woff"},"Patterns":null},"roboto-mono-all-700.woff2":{"Children":null,"Asset":{"ContentRootIndex":0,"SubPath":"lib/@openfonts/roboto-mono_all/files/roboto-mono-all-700.woff2"},"Patterns":null}},"Asset":null,"Patterns":null},"font-descriptor.json":{"Children":null,"Asset":{"ContentRootIndex":0,"SubPath":"lib/@openfonts/roboto-mono_all/font-descriptor.json"},"Patterns":null},"index.css":{"Children":null,"Asset":{"ContentRootIndex":0,"SubPath":"lib/@openfonts/roboto-mono_all/index.css"},"Patterns":null},"package.json":{"Children":null,"Asset":{"ContentRootIndex":0,"SubPath":"lib/@openfonts/roboto-mono_all/package.json"},"Patterns":null},"README.md":{"Children":null,"Asset":{"ContentRootIndex":0,"SubPath":"lib/@openfonts/roboto-mono_all/README.md"},"Patterns":null}},"Asset":null,"Patterns":null}},"Asset":null,"Patterns":null},"bootstrap-table":{"Children":{"bootstrap-table.min.css":{"Children":null,"Asset":{"ContentRootIndex":0,"SubPath":"lib/bootstrap-table/bootstrap-table.min.css"},"Patterns":null},"bootstrap-table.min.js":{"Children":null,"Asset":{"ContentRootIndex":0,"SubPath":"lib/bootstrap-table/bootstrap-table.min.js"},"Patterns":null}},"Asset":null,"Patterns":null},"bootstrap":{"Children":{"dist":{"Children":{"css":{"Children":{"bootstrap-grid.css":{"Children":null,"Asset":{"ContentRootIndex":0,"SubPath":"lib/bootstrap/dist/css/bootstrap-grid.css"},"Patterns":null},"bootstrap-grid.css.map":{"Children":null,"Asset":{"ContentRootIndex":0,"SubPath":"lib/bootstrap/dist/css/bootstrap-grid.css.map"},"Patterns":null},"bootstrap-grid.min.css":{"Children":null,"Asset":{"ContentRootIndex":0,"SubPath":"lib/bootstrap/dist/css/bootstrap-grid.min.css"},"Patterns":null},"bootstrap-grid.min.css.map":{"Children":null,"Asset":{"ContentRootIndex":0,"SubPath":"lib/bootstrap/dist/css/bootstrap-grid.min.css.map"},"Patterns":null},"bootstrap-reboot.css":{"Children":null,"Asset":{"ContentRootIndex":0,"SubPath":"lib/bootstrap/dist/css/bootstrap-reboot.css"},"Patterns":null},"bootstrap-reboot.css.map":{"Children":null,"Asset":{"ContentRootIndex":0,"SubPath":"lib/bootstrap/dist/css/bootstrap-reboot.css.map"},"Patterns":null},"bootstrap-reboot.min.css":{"Children":null,"Asset":{"ContentRootIndex":0,"SubPath":"lib/bootstrap/dist/css/bootstrap-reboot.min.css"},"Patterns":null},"bootstrap-reboot.min.css.map":{"Children":null,"Asset":{"ContentRootIndex":0,"SubPath":"lib/bootstrap/dist/css/bootstrap-reboot.min.css.map"},"Patterns":null},"bootstrap.css":{"Children":null,"Asset":{"ContentRootIndex":0,"SubPath":"lib/bootstrap/dist/css/bootstrap.css"},"Patterns":null},"bootstrap.css.map":{"Children":null,"Asset":{"ContentRootIndex":0,"SubPath":"lib/bootstrap/dist/css/bootstrap.css.map"},"Patterns":null},"bootstrap.min.css":{"Children":null,"Asset":{"ContentRootIndex":0,"SubPath":"lib/bootstrap/dist/css/bootstrap.min.css"},"Patterns":null},"bootstrap.min.css.map":{"Children":null,"Asset":{"ContentRootIndex":0,"SubPath":"lib/bootstrap/dist/css/bootstrap.min.css.map"},"Patterns":null}},"Asset":null,"Patterns":null},"js":{"Children":{"bootstrap.bundle.js":{"Children":null,"Asset":{"ContentRootIndex":0,"SubPath":"lib/bootstrap/dist/js/bootstrap.bundle.js"},"Patterns":null},"bootstrap.bundle.js.map":{"Children":null,"Asset":{"ContentRootIndex":0,"SubPath":"lib/bootstrap/dist/js/bootstrap.bundle.js.map"},"Patterns":null},"bootstrap.bundle.min.js":{"Children":null,"Asset":{"ContentRootIndex":0,"SubPath":"lib/bootstrap/dist/js/bootstrap.bundle.min.js"},"Patterns":null},"bootstrap.bundle.min.js.map":{"Children":null,"Asset":{"ContentRootIndex":0,"SubPath":"lib/bootstrap/dist/js/bootstrap.bundle.min.js.map"},"Patterns":null},"bootstrap.js":{"Children":null,"Asset":{"ContentRootIndex":0,"SubPath":"lib/bootstrap/dist/js/bootstrap.js"},"Patterns":null},"bootstrap.js.map":{"Children":null,"Asset":{"ContentRootIndex":0,"SubPath":"lib/bootstrap/dist/js/bootstrap.js.map"},"Patterns":null},"bootstrap.min.js":{"Children":null,"Asset":{"ContentRootIndex":0,"SubPath":"lib/bootstrap/dist/js/bootstrap.min.js"},"Patterns":null},"bootstrap.min.js.map":{"Children":null,"Asset":{"ContentRootIndex":0,"SubPath":"lib/bootstrap/dist/js/bootstrap.min.js.map"},"Patterns":null}},"Asset":null,"Patterns":null}},"Asset":null,"Patterns":null},"LICENSE":{"Children":null,"Asset":{"ContentRootIndex":0,"SubPath":"lib/bootstrap/LICENSE"},"Patterns":null}},"Asset":null,"Patterns":null},"filepond-plugin-file-validate-type":{"Children":{"dist":{"Children":{"filepond-plugin-file-validate-type.esm.js":{"Children":null,"Asset":{"ContentRootIndex":0,"SubPath":"lib/filepond-plugin-file-validate-type/dist/filepond-plugin-file-validate-type.esm.js"},"Patterns":null},"filepond-plugin-file-validate-type.esm.min.js":{"Children":null,"Asset":{"ContentRootIndex":0,"SubPath":"lib/filepond-plugin-file-validate-type/dist/filepond-plugin-file-validate-type.esm.min.js"},"Patterns":null},"filepond-plugin-file-validate-type.js":{"Children":null,"Asset":{"ContentRootIndex":0,"SubPath":"lib/filepond-plugin-file-validate-type/dist/filepond-plugin-file-validate-type.js"},"Patterns":null},"filepond-plugin-file-validate-type.min.js":{"Children":null,"Asset":{"ContentRootIndex":0,"SubPath":"lib/filepond-plugin-file-validate-type/dist/filepond-plugin-file-validate-type.min.js"},"Patterns":null}},"Asset":null,"Patterns":null},"LICENSE":{"Children":null,"Asset":{"ContentRootIndex":0,"SubPath":"lib/filepond-plugin-file-validate-type/LICENSE"},"Patterns":null},"package.json":{"Children":null,"Asset":{"ContentRootIndex":0,"SubPath":"lib/filepond-plugin-file-validate-type/package.json"},"Patterns":null},"README.md":{"Children":null,"Asset":{"ContentRootIndex":0,"SubPath":"lib/filepond-plugin-file-validate-type/README.md"},"Patterns":null},"types":{"Children":{"index.d.ts":{"Children":null,"Asset":{"ContentRootIndex":0,"SubPath":"lib/filepond-plugin-file-validate-type/types/index.d.ts"},"Patterns":null}},"Asset":null,"Patterns":null}},"Asset":null,"Patterns":null},"filepond":{"Children":{"filepond.css":{"Children":null,"Asset":{"ContentRootIndex":0,"SubPath":"lib/filepond/filepond.css"},"Patterns":null},"filepond.esm.js":{"Children":null,"Asset":{"ContentRootIndex":0,"SubPath":"lib/filepond/filepond.esm.js"},"Patterns":null},"filepond.esm.min.js":{"Children":null,"Asset":{"ContentRootIndex":0,"SubPath":"lib/filepond/filepond.esm.min.js"},"Patterns":null},"filepond.js":{"Children":null,"Asset":{"ContentRootIndex":0,"SubPath":"lib/filepond/filepond.js"},"Patterns":null},"filepond.min.css":{"Children":null,"Asset":{"ContentRootIndex":0,"SubPath":"lib/filepond/filepond.min.css"},"Patterns":null},"filepond.min.js":{"Children":null,"Asset":{"ContentRootIndex":0,"SubPath":"lib/filepond/filepond.min.js"},"Patterns":null}},"Asset":null,"Patterns":null},"font-awesome":{"Children":{"css":{"Children":{"all.css":{"Children":null,"Asset":{"ContentRootIndex":0,"SubPath":"lib/font-awesome/css/all.css"},"Patterns":null},"all.min.css":{"Children":null,"Asset":{"ContentRootIndex":0,"SubPath":"lib/font-awesome/css/all.min.css"},"Patterns":null},"brands.css":{"Children":null,"Asset":{"ContentRootIndex":0,"SubPath":"lib/font-awesome/css/brands.css"},"Patterns":null},"brands.min.css":{"Children":null,"Asset":{"ContentRootIndex":0,"SubPath":"lib/font-awesome/css/brands.min.css"},"Patterns":null},"fontawesome.css":{"Children":null,"Asset":{"ContentRootIndex":0,"SubPath":"lib/font-awesome/css/fontawesome.css"},"Patterns":null},"fontawesome.min.css":{"Children":null,"Asset":{"ContentRootIndex":0,"SubPath":"lib/font-awesome/css/fontawesome.min.css"},"Patterns":null},"regular.css":{"Children":null,"Asset":{"ContentRootIndex":0,"SubPath":"lib/font-awesome/css/regular.css"},"Patterns":null},"regular.min.css":{"Children":null,"Asset":{"ContentRootIndex":0,"SubPath":"lib/font-awesome/css/regular.min.css"},"Patterns":null},"solid.css":{"Children":null,"Asset":{"ContentRootIndex":0,"SubPath":"lib/font-awesome/css/solid.css"},"Patterns":null},"solid.min.css":{"Children":null,"Asset":{"ContentRootIndex":0,"SubPath":"lib/font-awesome/css/solid.min.css"},"Patterns":null},"svg-with-js.css":{"Children":null,"Asset":{"ContentRootIndex":0,"SubPath":"lib/font-awesome/css/svg-with-js.css"},"Patterns":null},"svg-with-js.min.css":{"Children":null,"Asset":{"ContentRootIndex":0,"SubPath":"lib/font-awesome/css/svg-with-js.min.css"},"Patterns":null},"v4-shims.css":{"Children":null,"Asset":{"ContentRootIndex":0,"SubPath":"lib/font-awesome/css/v4-shims.css"},"Patterns":null},"v4-shims.min.css":{"Children":null,"Asset":{"ContentRootIndex":0,"SubPath":"lib/font-awesome/css/v4-shims.min.css"},"Patterns":null}},"Asset":null,"Patterns":null},"js":{"Children":{"all.js":{"Children":null,"Asset":{"ContentRootIndex":0,"SubPath":"lib/font-awesome/js/all.js"},"Patterns":null},"all.min.js":{"Children":null,"Asset":{"ContentRootIndex":0,"SubPath":"lib/font-awesome/js/all.min.js"},"Patterns":null},"brands.js":{"Children":null,"Asset":{"ContentRootIndex":0,"SubPath":"lib/font-awesome/js/brands.js"},"Patterns":null},"brands.min.js":{"Children":null,"Asset":{"ContentRootIndex":0,"SubPath":"lib/font-awesome/js/brands.min.js"},"Patterns":null},"conflict-detection.js":{"Children":null,"Asset":{"ContentRootIndex":0,"SubPath":"lib/font-awesome/js/conflict-detection.js"},"Patterns":null},"conflict-detection.min.js":{"Children":null,"Asset":{"ContentRootIndex":0,"SubPath":"lib/font-awesome/js/conflict-detection.min.js"},"Patterns":null},"fontawesome.js":{"Children":null,"Asset":{"ContentRootIndex":0,"SubPath":"lib/font-awesome/js/fontawesome.js"},"Patterns":null},"fontawesome.min.js":{"Children":null,"Asset":{"ContentRootIndex":0,"SubPath":"lib/font-awesome/js/fontawesome.min.js"},"Patterns":null},"regular.js":{"Children":null,"Asset":{"ContentRootIndex":0,"SubPath":"lib/font-awesome/js/regular.js"},"Patterns":null},"regular.min.js":{"Children":null,"Asset":{"ContentRootIndex":0,"SubPath":"lib/font-awesome/js/regular.min.js"},"Patterns":null},"solid.js":{"Children":null,"Asset":{"ContentRootIndex":0,"SubPath":"lib/font-awesome/js/solid.js"},"Patterns":null},"solid.min.js":{"Children":null,"Asset":{"ContentRootIndex":0,"SubPath":"lib/font-awesome/js/solid.min.js"},"Patterns":null},"v4-shims.js":{"Children":null,"Asset":{"ContentRootIndex":0,"SubPath":"lib/font-awesome/js/v4-shims.js"},"Patterns":null},"v4-shims.min.js":{"Children":null,"Asset":{"ContentRootIndex":0,"SubPath":"lib/font-awesome/js/v4-shims.min.js"},"Patterns":null}},"Asset":null,"Patterns":null},"sprites":{"Children":{"brands.svg":{"Children":null,"Asset":{"ContentRootIndex":0,"SubPath":"lib/font-awesome/sprites/brands.svg"},"Patterns":null},"regular.svg":{"Children":null,"Asset":{"ContentRootIndex":0,"SubPath":"lib/font-awesome/sprites/regular.svg"},"Patterns":null},"solid.svg":{"Children":null,"Asset":{"ContentRootIndex":0,"SubPath":"lib/font-awesome/sprites/solid.svg"},"Patterns":null}},"Asset":null,"Patterns":null},"webfonts":{"Children":{"fa-brands-400.eot":{"Children":null,"Asset":{"ContentRootIndex":0,"SubPath":"lib/font-awesome/webfonts/fa-brands-400.eot"},"Patterns":null},"fa-brands-400.svg":{"Children":null,"Asset":{"ContentRootIndex":0,"SubPath":"lib/font-awesome/webfonts/fa-brands-400.svg"},"Patterns":null},"fa-brands-400.ttf":{"Children":null,"Asset":{"ContentRootIndex":0,"SubPath":"lib/font-awesome/webfonts/fa-brands-400.ttf"},"Patterns":null},"fa-brands-400.woff":{"Children":null,"Asset":{"ContentRootIndex":0,"SubPath":"lib/font-awesome/webfonts/fa-brands-400.woff"},"Patterns":null},"fa-brands-400.woff2":{"Children":null,"Asset":{"ContentRootIndex":0,"SubPath":"lib/font-awesome/webfonts/fa-brands-400.woff2"},"Patterns":null},"fa-regular-400.eot":{"Children":null,"Asset":{"ContentRootIndex":0,"SubPath":"lib/font-awesome/webfonts/fa-regular-400.eot"},"Patterns":null},"fa-regular-400.svg":{"Children":null,"Asset":{"ContentRootIndex":0,"SubPath":"lib/font-awesome/webfonts/fa-regular-400.svg"},"Patterns":null},"fa-regular-400.ttf":{"Children":null,"Asset":{"ContentRootIndex":0,"SubPath":"lib/font-awesome/webfonts/fa-regular-400.ttf"},"Patterns":null},"fa-regular-400.woff":{"Children":null,"Asset":{"ContentRootIndex":0,"SubPath":"lib/font-awesome/webfonts/fa-regular-400.woff"},"Patterns":null},"fa-regular-400.woff2":{"Children":null,"Asset":{"ContentRootIndex":0,"SubPath":"lib/font-awesome/webfonts/fa-regular-400.woff2"},"Patterns":null},"fa-solid-900.eot":{"Children":null,"Asset":{"ContentRootIndex":0,"SubPath":"lib/font-awesome/webfonts/fa-solid-900.eot"},"Patterns":null},"fa-solid-900.svg":{"Children":null,"Asset":{"ContentRootIndex":0,"SubPath":"lib/font-awesome/webfonts/fa-solid-900.svg"},"Patterns":null},"fa-solid-900.ttf":{"Children":null,"Asset":{"ContentRootIndex":0,"SubPath":"lib/font-awesome/webfonts/fa-solid-900.ttf"},"Patterns":null},"fa-solid-900.woff":{"Children":null,"Asset":{"ContentRootIndex":0,"SubPath":"lib/font-awesome/webfonts/fa-solid-900.woff"},"Patterns":null},"fa-solid-900.woff2":{"Children":null,"Asset":{"ContentRootIndex":0,"SubPath":"lib/font-awesome/webfonts/fa-solid-900.woff2"},"Patterns":null}},"Asset":null,"Patterns":null}},"Asset":null,"Patterns":null},"jquery-ajax-unobtrusive":{"Children":{"jquery.unobtrusive-ajax.js":{"Children":null,"Asset":{"ContentRootIndex":0,"SubPath":"lib/jquery-ajax-unobtrusive/jquery.unobtrusive-ajax.js"},"Patterns":null},"jquery.unobtrusive-ajax.min.js":{"Children":null,"Asset":{"ContentRootIndex":0,"SubPath":"lib/jquery-ajax-unobtrusive/jquery.unobtrusive-ajax.min.js"},"Patterns":null}},"Asset":null,"Patterns":null},"jquery-loading-overlay":{"Children":{"loadingoverlay.js":{"Children":null,"Asset":{"ContentRootIndex":0,"SubPath":"lib/jquery-loading-overlay/loadingoverlay.js"},"Patterns":null},"loadingoverlay.min.js":{"Children":null,"Asset":{"ContentRootIndex":0,"SubPath":"lib/jquery-loading-overlay/loadingoverlay.min.js"},"Patterns":null},"loadingoverlay.min.js.map":{"Children":null,"Asset":{"ContentRootIndex":0,"SubPath":"lib/jquery-loading-overlay/loadingoverlay.min.js.map"},"Patterns":null}},"Asset":null,"Patterns":null},"jquery-validation-unobtrusive":{"Children":{"jquery.validate.unobtrusive.js":{"Children":null,"Asset":{"ContentRootIndex":0,"SubPath":"lib/jquery-validation-unobtrusive/jquery.validate.unobtrusive.js"},"Patterns":null},"jquery.validate.unobtrusive.min.js":{"Children":null,"Asset":{"ContentRootIndex":0,"SubPath":"lib/jquery-validation-unobtrusive/jquery.validate.unobtrusive.min.js"},"Patterns":null},"LICENSE.txt":{"Children":null,"Asset":{"ContentRootIndex":0,"SubPath":"lib/jquery-validation-unobtrusive/LICENSE.txt"},"Patterns":null}},"Asset":null,"Patterns":null},"jquery-validation":{"Children":{"dist":{"Children":{"additional-methods.js":{"Children":null,"Asset":{"ContentRootIndex":0,"SubPath":"lib/jquery-validation/dist/additional-methods.js"},"Patterns":null},"additional-methods.min.js":{"Children":null,"Asset":{"ContentRootIndex":0,"SubPath":"lib/jquery-validation/dist/additional-methods.min.js"},"Patterns":null},"jquery.validate.js":{"Children":null,"Asset":{"ContentRootIndex":0,"SubPath":"lib/jquery-validation/dist/jquery.validate.js"},"Patterns":null},"jquery.validate.min.js":{"Children":null,"Asset":{"ContentRootIndex":0,"SubPath":"lib/jquery-validation/dist/jquery.validate.min.js"},"Patterns":null}},"Asset":null,"Patterns":null},"LICENSE.md":{"Children":null,"Asset":{"ContentRootIndex":0,"SubPath":"lib/jquery-validation/LICENSE.md"},"Patterns":null}},"Asset":null,"Patterns":null},"jquery":{"Children":{"core.js":{"Children":null,"Asset":{"ContentRootIndex":0,"SubPath":"lib/jquery/core.js"},"Patterns":null},"dist":{"Children":{"jquery.js":{"Children":null,"Asset":{"ContentRootIndex":0,"SubPath":"lib/jquery/dist/jquery.js"},"Patterns":null},"jquery.min.js":{"Children":null,"Asset":{"ContentRootIndex":0,"SubPath":"lib/jquery/dist/jquery.min.js"},"Patterns":null},"jquery.min.map":{"Children":null,"Asset":{"ContentRootIndex":0,"SubPath":"lib/jquery/dist/jquery.min.map"},"Patterns":null}},"Asset":null,"Patterns":null},"jquery.js":{"Children":null,"Asset":{"ContentRootIndex":0,"SubPath":"lib/jquery/jquery.js"},"Patterns":null},"jquery.min.js":{"Children":null,"Asset":{"ContentRootIndex":0,"SubPath":"lib/jquery/jquery.min.js"},"Patterns":null},"jquery.min.map":{"Children":null,"Asset":{"ContentRootIndex":0,"SubPath":"lib/jquery/jquery.min.map"},"Patterns":null},"jquery.slim.js":{"Children":null,"Asset":{"ContentRootIndex":0,"SubPath":"lib/jquery/jquery.slim.js"},"Patterns":null},"jquery.slim.min.js":{"Children":null,"Asset":{"ContentRootIndex":0,"SubPath":"lib/jquery/jquery.slim.min.js"},"Patterns":null},"jquery.slim.min.map":{"Children":null,"Asset":{"ContentRootIndex":0,"SubPath":"lib/jquery/jquery.slim.min.map"},"Patterns":null},"LICENSE.txt":{"Children":null,"Asset":{"ContentRootIndex":0,"SubPath":"lib/jquery/LICENSE.txt"},"Patterns":null}},"Asset":null,"Patterns":null},"tabulator":{"Children":{"css":{"Children":{"tabulator.css":{"Children":null,"Asset":{"ContentRootIndex":0,"SubPath":"lib/tabulator/css/tabulator.css"},"Patterns":null},"tabulator.css.map":{"Children":null,"Asset":{"ContentRootIndex":0,"SubPath":"lib/tabulator/css/tabulator.css.map"},"Patterns":null},"tabulator.min.css":{"Children":null,"Asset":{"ContentRootIndex":0,"SubPath":"lib/tabulator/css/tabulator.min.css"},"Patterns":null},"tabulator.min.css.map":{"Children":null,"Asset":{"ContentRootIndex":0,"SubPath":"lib/tabulator/css/tabulator.min.css.map"},"Patterns":null},"tabulator_bootstrap3.css":{"Children":null,"Asset":{"ContentRootIndex":0,"SubPath":"lib/tabulator/css/tabulator_bootstrap3.css"},"Patterns":null},"tabulator_bootstrap3.css.map":{"Children":null,"Asset":{"ContentRootIndex":0,"SubPath":"lib/tabulator/css/tabulator_bootstrap3.css.map"},"Patterns":null},"tabulator_bootstrap3.min.css":{"Children":null,"Asset":{"ContentRootIndex":0,"SubPath":"lib/tabulator/css/tabulator_bootstrap3.min.css"},"Patterns":null},"tabulator_bootstrap3.min.css.map":{"Children":null,"Asset":{"ContentRootIndex":0,"SubPath":"lib/tabulator/css/tabulator_bootstrap3.min.css.map"},"Patterns":null},"tabulator_bootstrap4.css":{"Children":null,"Asset":{"ContentRootIndex":0,"SubPath":"lib/tabulator/css/tabulator_bootstrap4.css"},"Patterns":null},"tabulator_bootstrap4.css.map":{"Children":null,"Asset":{"ContentRootIndex":0,"SubPath":"lib/tabulator/css/tabulator_bootstrap4.css.map"},"Patterns":null},"tabulator_bootstrap4.min.css":{"Children":null,"Asset":{"ContentRootIndex":0,"SubPath":"lib/tabulator/css/tabulator_bootstrap4.min.css"},"Patterns":null},"tabulator_bootstrap4.min.css.map":{"Children":null,"Asset":{"ContentRootIndex":0,"SubPath":"lib/tabulator/css/tabulator_bootstrap4.min.css.map"},"Patterns":null},"tabulator_bootstrap5.css":{"Children":null,"Asset":{"ContentRootIndex":0,"SubPath":"lib/tabulator/css/tabulator_bootstrap5.css"},"Patterns":null},"tabulator_bootstrap5.css.map":{"Children":null,"Asset":{"ContentRootIndex":0,"SubPath":"lib/tabulator/css/tabulator_bootstrap5.css.map"},"Patterns":null},"tabulator_bootstrap5.min.css":{"Children":null,"Asset":{"ContentRootIndex":0,"SubPath":"lib/tabulator/css/tabulator_bootstrap5.min.css"},"Patterns":null},"tabulator_bootstrap5.min.css.map":{"Children":null,"Asset":{"ContentRootIndex":0,"SubPath":"lib/tabulator/css/tabulator_bootstrap5.min.css.map"},"Patterns":null},"tabulator_bulma.css":{"Children":null,"Asset":{"ContentRootIndex":0,"SubPath":"lib/tabulator/css/tabulator_bulma.css"},"Patterns":null},"tabulator_bulma.css.map":{"Children":null,"Asset":{"ContentRootIndex":0,"SubPath":"lib/tabulator/css/tabulator_bulma.css.map"},"Patterns":null},"tabulator_bulma.min.css":{"Children":null,"Asset":{"ContentRootIndex":0,"SubPath":"lib/tabulator/css/tabulator_bulma.min.css"},"Patterns":null},"tabulator_bulma.min.css.map":{"Children":null,"Asset":{"ContentRootIndex":0,"SubPath":"lib/tabulator/css/tabulator_bulma.min.css.map"},"Patterns":null},"tabulator_materialize.css":{"Children":null,"Asset":{"ContentRootIndex":0,"SubPath":"lib/tabulator/css/tabulator_materialize.css"},"Patterns":null},"tabulator_materialize.css.map":{"Children":null,"Asset":{"ContentRootIndex":0,"SubPath":"lib/tabulator/css/tabulator_materialize.css.map"},"Patterns":null},"tabulator_materialize.min.css":{"Children":null,"Asset":{"ContentRootIndex":0,"SubPath":"lib/tabulator/css/tabulator_materialize.min.css"},"Patterns":null},"tabulator_materialize.min.css.map":{"Children":null,"Asset":{"ContentRootIndex":0,"SubPath":"lib/tabulator/css/tabulator_materialize.min.css.map"},"Patterns":null},"tabulator_midnight.css":{"Children":null,"Asset":{"ContentRootIndex":0,"SubPath":"lib/tabulator/css/tabulator_midnight.css"},"Patterns":null},"tabulator_midnight.css.map":{"Children":null,"Asset":{"ContentRootIndex":0,"SubPath":"lib/tabulator/css/tabulator_midnight.css.map"},"Patterns":null},"tabulator_midnight.min.css":{"Children":null,"Asset":{"ContentRootIndex":0,"SubPath":"lib/tabulator/css/tabulator_midnight.min.css"},"Patterns":null},"tabulator_midnight.min.css.map":{"Children":null,"Asset":{"ContentRootIndex":0,"SubPath":"lib/tabulator/css/tabulator_midnight.min.css.map"},"Patterns":null},"tabulator_modern.css":{"Children":null,"Asset":{"ContentRootIndex":0,"SubPath":"lib/tabulator/css/tabulator_modern.css"},"Patterns":null},"tabulator_modern.css.map":{"Children":null,"Asset":{"ContentRootIndex":0,"SubPath":"lib/tabulator/css/tabulator_modern.css.map"},"Patterns":null},"tabulator_modern.min.css":{"Children":null,"Asset":{"ContentRootIndex":0,"SubPath":"lib/tabulator/css/tabulator_modern.min.css"},"Patterns":null},"tabulator_modern.min.css.map":{"Children":null,"Asset":{"ContentRootIndex":0,"SubPath":"lib/tabulator/css/tabulator_modern.min.css.map"},"Patterns":null},"tabulator_semanticui.css":{"Children":null,"Asset":{"ContentRootIndex":0,"SubPath":"lib/tabulator/css/tabulator_semanticui.css"},"Patterns":null},"tabulator_semanticui.css.map":{"Children":null,"Asset":{"ContentRootIndex":0,"SubPath":"lib/tabulator/css/tabulator_semanticui.css.map"},"Patterns":null},"tabulator_semanticui.min.css":{"Children":null,"Asset":{"ContentRootIndex":0,"SubPath":"lib/tabulator/css/tabulator_semanticui.min.css"},"Patterns":null},"tabulator_semanticui.min.css.map":{"Children":null,"Asset":{"ContentRootIndex":0,"SubPath":"lib/tabulator/css/tabulator_semanticui.min.css.map"},"Patterns":null},"tabulator_simple.css":{"Children":null,"Asset":{"ContentRootIndex":0,"SubPath":"lib/tabulator/css/tabulator_simple.css"},"Patterns":null},"tabulator_simple.css.map":{"Children":null,"Asset":{"ContentRootIndex":0,"SubPath":"lib/tabulator/css/tabulator_simple.css.map"},"Patterns":null},"tabulator_simple.min.css":{"Children":null,"Asset":{"ContentRootIndex":0,"SubPath":"lib/tabulator/css/tabulator_simple.min.css"},"Patterns":null},"tabulator_simple.min.css.map":{"Children":null,"Asset":{"ContentRootIndex":0,"SubPath":"lib/tabulator/css/tabulator_simple.min.css.map"},"Patterns":null},"tabulator_site.css":{"Children":null,"Asset":{"ContentRootIndex":0,"SubPath":"lib/tabulator/css/tabulator_site.css"},"Patterns":null},"tabulator_site.css.map":{"Children":null,"Asset":{"ContentRootIndex":0,"SubPath":"lib/tabulator/css/tabulator_site.css.map"},"Patterns":null},"tabulator_site.min.css":{"Children":null,"Asset":{"ContentRootIndex":0,"SubPath":"lib/tabulator/css/tabulator_site.min.css"},"Patterns":null},"tabulator_site.min.css.map":{"Children":null,"Asset":{"ContentRootIndex":0,"SubPath":"lib/tabulator/css/tabulator_site.min.css.map"},"Patterns":null}},"Asset":null,"Patterns":null},"js":{"Children":{"jquery_wrapper.js":{"Children":null,"Asset":{"ContentRootIndex":0,"SubPath":"lib/tabulator/js/jquery_wrapper.js"},"Patterns":null},"jquery_wrapper.min.js":{"Children":null,"Asset":{"ContentRootIndex":0,"SubPath":"lib/tabulator/js/jquery_wrapper.min.js"},"Patterns":null},"tabulator.js":{"Children":null,"Asset":{"ContentRootIndex":0,"SubPath":"lib/tabulator/js/tabulator.js"},"Patterns":null},"tabulator.js.map":{"Children":null,"Asset":{"ContentRootIndex":0,"SubPath":"lib/tabulator/js/tabulator.js.map"},"Patterns":null},"tabulator.min.js":{"Children":null,"Asset":{"ContentRootIndex":0,"SubPath":"lib/tabulator/js/tabulator.min.js"},"Patterns":null},"tabulator.min.js.map":{"Children":null,"Asset":{"ContentRootIndex":0,"SubPath":"lib/tabulator/js/tabulator.min.js.map"},"Patterns":null},"tabulator_esm.js":{"Children":null,"Asset":{"ContentRootIndex":0,"SubPath":"lib/tabulator/js/tabulator_esm.js"},"Patterns":null},"tabulator_esm.js.map":{"Children":null,"Asset":{"ContentRootIndex":0,"SubPath":"lib/tabulator/js/tabulator_esm.js.map"},"Patterns":null},"tabulator_esm.min.js":{"Children":null,"Asset":{"ContentRootIndex":0,"SubPath":"lib/tabulator/js/tabulator_esm.min.js"},"Patterns":null},"tabulator_esm.min.js.map":{"Children":null,"Asset":{"ContentRootIndex":0,"SubPath":"lib/tabulator/js/tabulator_esm.min.js.map"},"Patterns":null}},"Asset":null,"Patterns":null}},"Asset":null,"Patterns":null},"toastr.js":{"Children":{"toastr.css":{"Children":null,"Asset":{"ContentRootIndex":0,"SubPath":"lib/toastr.js/toastr.css"},"Patterns":null},"toastr.js.map":{"Children":null,"Asset":{"ContentRootIndex":0,"SubPath":"lib/toastr.js/toastr.js.map"},"Patterns":null},"toastr.min.css":{"Children":null,"Asset":{"ContentRootIndex":0,"SubPath":"lib/toastr.js/toastr.min.css"},"Patterns":null},"toastr.min.js":{"Children":null,"Asset":{"ContentRootIndex":0,"SubPath":"lib/toastr.js/toastr.min.js"},"Patterns":null}},"Asset":null,"Patterns":null}},"Asset":null,"Patterns":null},"_content":{"Children":{"NToastNotify":{"Children":{"noty.js":{"Children":null,"Asset":{"ContentRootIndex":1,"SubPath":"noty.js"},"Patterns":null},"toastr.js":{"Children":null,"Asset":{"ContentRootIndex":1,"SubPath":"toastr.js"},"Patterns":null}},"Asset":null,"Patterns":null}},"Asset":null,"Patterns":null}},"Asset":null,"Patterns":[{"ContentRootIndex":0,"Pattern":"**","Depth":0}]}}